<?xml version="1.0"?>
<project version="1.0" langid="ru" based-on=""><localizations><validationmethods></validationmethods><globalcolumns><globalcolumn gcid="0"><data name="columnheader" default="Position" xml:space="preserve"><value>ru:Position</value></data></globalcolumn><globalcolumn gcid="1"><data name="columnheader" default="Quantity" xml:space="preserve"><value>ru:Quantity</value></data></globalcolumn><globalcolumn gcid="2"><data name="columnheader" default="Description" xml:space="preserve"><value>ru:Description</value></data></globalcolumn><globalcolumn gcid="3"><data name="columnheader" default="Unit Price" xml:space="preserve"><value>ru:Unit Price</value></data></globalcolumn><globalcolumn gcid="4"><data name="columnheader" default="Total Price" xml:space="preserve"><value>ru:Total Price</value></data></globalcolumn><globalcolumn gcid="5"><data name="columnheader" default="Discount" xml:space="preserve"><value>ru:Discount</value></data></globalcolumn><globalcolumn gcid="6"><data name="columnheader" default="Unit Measure" xml:space="preserve"><value>ru:Unit Measure</value></data></globalcolumn><globalcolumn gcid="7"><data name="columnheader" default="Article Code" xml:space="preserve"><value>ru:Article Code</value></data></globalcolumn><globalcolumn gcid="8"><data name="columnheader" default="Supplier Article Code" xml:space="preserve"><value>ru:Supplier Article Code</value></data></globalcolumn><globalcolumn gcid="9"><data name="columnheader" default="Order Number" xml:space="preserve"><value>ru:Order Number</value></data></globalcolumn><globalcolumn gcid="10"><data name="columnheader" default="Delivery Note Number" xml:space="preserve"><value>ru:Delivery Note Number</value></data></globalcolumn><globalcolumn gcid="11"><data name="columnheader" default="Tax Rate" xml:space="preserve"><value>ru:Tax Rate</value></data></globalcolumn><globalcolumn gcid="10000"><data name="columnheader" default="PO Item Number" xml:space="preserve"><value>ru:PO Item Number</value></data></globalcolumn><globalcolumn gcid="15000"><data name="columnheader" default="Tax Amount" xml:space="preserve"><value>ru:Tax Amount</value></data></globalcolumn><globalcolumn gcid="15001"><data name="columnheader" default="Discount Amount" xml:space="preserve"><value>ru:Discount Amount</value></data></globalcolumn><globalcolumn gcid="16000"><data name="columnheader" default="Match Remark" xml:space="preserve"><value>ru:Match Remark</value></data></globalcolumn></globalcolumns><classes><class name="DC_Счёт-фактура"><fields></fields><validationforms></validationforms></class><class name="DC_Справка-расшифровка"><fields></fields><validationforms></validationforms></class><class name="Documents"><validationforms></validationforms></class></classes></localizations></project>